{
    "nodes": [
        {
            "club": "Mr. Hi",
            "name": "0"
        },
        {
            "club": "Mr. Hi",
            "name": "1"
        },
        {
            "club": "Mr. Hi",
            "name": "2"
        },
        {
            "club": "Mr. Hi",
            "name": "3"
        },
        {
            "club": "Mr. Hi",
            "name": "4"
        },
        {
            "club": "Mr. Hi",
            "name": "5"
        },
        {
            "club": "Mr. Hi",
            "name": "6"
        },
        {
            "club": "Mr. Hi",
            "name": "7"
        },
        {
            "club": "Mr. Hi",
            "name": "8"
        },
        {
            "club": "Officer",
            "name": "9"
        },
        {
            "club": "Mr. Hi",
            "name": "10"
        },
        {
            "club": "Mr. Hi",
            "name": "11"
        },
        {
            "club": "Mr. Hi",
            "name": "12"
        },
        {
            "club": "Mr. Hi",
            "name": "13"
        },
        {
            "club": "Officer",
            "name": "14"
        },
        {
            "club": "Officer",
            "name": "15"
        },
        {
            "club": "Mr. Hi",
            "name": "16"
        },
        {
            "club": "Mr. Hi",
            "name": "17"
        },
        {
            "club": "Officer",
            "name": "18"
        },
        {
            "club": "Mr. Hi",
            "name": "19"
        },
        {
            "club": "Officer",
            "name": "20"
        },
        {
            "club": "Mr. Hi",
            "name": "21"
        },
        {
            "club": "Officer",
            "name": "22"
        },
        {
            "club": "Officer",
            "name": "23"
        },
        {
            "club": "Officer",
            "name": "24"
        },
        {
            "club": "Officer",
            "name": "25"
        },
        {
            "club": "Officer",
            "name": "26"
        },
        {
            "club": "Officer",
            "name": "27"
        },
        {
            "club": "Officer",
            "name": "28"
        },
        {
            "club": "Officer",
            "name": "29"
        },
        {
            "club": "Officer",
            "name": "30"
        },
        {
            "club": "Officer",
            "name": "31"
        },
        {
            "club": "Officer",
            "name": "32"
        },
        {
            "club": "Officer",
            "name": "33"
        }
    ],
    "links": [
        {
            "source": 0,
            "target": 1
        },
        {
            "source": 0,
            "target": 2
        },
        {
            "source": 0,
            "target": 3
        },
        {
            "source": 0,
            "target": 4
        },
        {
            "source": 0,
            "target": 5
        },
        {
            "source": 0,
            "target": 6
        },
        {
            "source": 0,
            "target": 7
        },
        {
            "source": 0,
            "target": 8
        },
        {
            "source": 0,
            "target": 10
        },
        {
            "source": 0,
            "target": 11
        },
        {
            "source": 0,
            "target": 12
        },
        {
            "source": 0,
            "target": 13
        },
        {
            "source": 0,
            "target": 17
        },
        {
            "source": 0,
            "target": 19
        },
        {
            "source": 0,
            "target": 21
        },
        {
            "source": 0,
            "target": 31
        },
        {
            "source": 1,
            "target": 17
        },
        {
            "source": 1,
            "target": 2
        },
        {
            "source": 1,
            "target": 3
        },
        {
            "source": 1,
            "target": 21
        },
        {
            "source": 1,
            "target": 19
        },
        {
            "source": 1,
            "target": 7
        },
        {
            "source": 1,
            "target": 13
        },
        {
            "source": 1,
            "target": 30
        },
        {
            "source": 2,
            "target": 3
        },
        {
            "source": 2,
            "target": 32
        },
        {
            "source": 2,
            "target": 7
        },
        {
            "source": 2,
            "target": 8
        },
        {
            "source": 2,
            "target": 9
        },
        {
            "source": 2,
            "target": 27
        },
        {
            "source": 2,
            "target": 28
        },
        {
            "source": 2,
            "target": 13
        },
        {
            "source": 3,
            "target": 7
        },
        {
            "source": 3,
            "target": 12
        },
        {
            "source": 3,
            "target": 13
        },
        {
            "source": 4,
            "target": 10
        },
        {
            "source": 4,
            "target": 6
        },
        {
            "source": 5,
            "target": 16
        },
        {
            "source": 5,
            "target": 10
        },
        {
            "source": 5,
            "target": 6
        },
        {
            "source": 6,
            "target": 16
        },
        {
            "source": 8,
            "target": 32
        },
        {
            "source": 8,
            "target": 30
        },
        {
            "source": 8,
            "target": 33
        },
        {
            "source": 9,
            "target": 33
        },
        {
            "source": 13,
            "target": 33
        },
        {
            "source": 14,
            "target": 32
        },
        {
            "source": 14,
            "target": 33
        },
        {
            "source": 15,
            "target": 32
        },
        {
            "source": 15,
            "target": 33
        },
        {
            "source": 18,
            "target": 32
        },
        {
            "source": 18,
            "target": 33
        },
        {
            "source": 19,
            "target": 33
        },
        {
            "source": 20,
            "target": 32
        },
        {
            "source": 20,
            "target": 33
        },
        {
            "source": 22,
            "target": 32
        },
        {
            "source": 22,
            "target": 33
        },
        {
            "source": 23,
            "target": 32
        },
        {
            "source": 23,
            "target": 25
        },
        {
            "source": 23,
            "target": 27
        },
        {
            "source": 23,
            "target": 29
        },
        {
            "source": 23,
            "target": 33
        },
        {
            "source": 24,
            "target": 25
        },
        {
            "source": 24,
            "target": 27
        },
        {
            "source": 24,
            "target": 31
        },
        {
            "source": 25,
            "target": 31
        },
        {
            "source": 26,
            "target": 33
        },
        {
            "source": 26,
            "target": 29
        },
        {
            "source": 27,
            "target": 33
        },
        {
            "source": 28,
            "target": 33
        },
        {
            "source": 28,
            "target": 31
        },
        {
            "source": 29,
            "target": 32
        },
        {
            "source": 29,
            "target": 33
        },
        {
            "source": 30,
            "target": 33
        },
        {
            "source": 30,
            "target": 32
        },
        {
            "source": 31,
            "target": 32
        },
        {
            "source": 31,
            "target": 33
        },
        {
            "source": 32,
            "target": 33
        }
    ]
}